------------------------------------------------------------TABELAS------------------------------------------------------------
CREATE TABLE ARTISTA(
    NOME VARCHAR(100) NOT NULL,
    DESCRICAO VARCHAR(200) NOT NULL,
    ESTILO_PRINCIPAL VARCHAR(100) NOT NULL,
    PERIODO_ART VARCHAR(100) NOT NULL,
    PAIS_ORIGEM VARCHAR(100) NOT NULL,
    DATA_NASCIMENTO DATE,
    DATA_MORTE DATE,
    PRIMARY KEY (NOME)
);

CREATE TABLE OBJETOS_ARTE(
    NUM_ID INT NOT NULL,
    TITULO VARCHAR(100) NOT NULL,
    NOME_ARTISTA VARCHAR(200),
    DESCRICAO VARCHAR(200) NOT NULL,
    ANO_CRIACAO DATE,
    PERIODO_ART VARCHAR(100) NOT NULL,
    PAIS_CULTURA VARCHAR(100) NOT NULL,
    ESTILO VARCHAR(100) NOT NULL,
    TIPO VARCHAR(100) NOT NULL,
    STATUS VARCHAR(100) NOT NULL,
    CUSTO DOUBLE PRECISION NOT NULL CHECK (CUSTO>0),
    PRIMARY KEY (NUM_ID)
);

CREATE TABLE PINTURAS(
    NUM_OBJ1 INT NOT NULL,
    TIPO_TINTA VARCHAR(100) NOT NULL,
    SUPORTE VARCHAR(100) NOT NULL,
    PRIMARY KEY (NUM_OBJ1)
);

CREATE TABLE ESCULTURAS(
    NUM_OBJ2 INT NOT NULL,
    MATERIAL VARCHAR(100) NOT NULL,
    ALTURA INT NOT NULL CHECK (ALTURA>0),
    PESO INT NOT NULL CHECK (PESO>0),
    PRIMARY KEY (NUM_OBJ2)
);

CREATE TABLE OUTROS(
    NUM_OBJ3 INT NOT NULL,
    TIPO VARCHAR(100) NOT NULL,
    PRIMARY KEY (NUM_OBJ3)
);

CREATE TABLE EMPRESTADOS(
    NUM_OBJ4 INT NOT NULL,
    NOME_COLECAO VARCHAR(100) NOT NULL,
    DATA_EMPRESTIMO DATE NOT NULL,
    DATA_DEVOLUCAO DATE NOT NULL,
    PRIMARY KEY (NUM_OBJ4)
);

CREATE TABLE PERMANENTES(
    NUM_OBJ5 INT NOT NULL,
    EM_EXPOSICAO BIT NOT NULL, 
    DATA_AQUISICAO DATE NOT NULL,
    PRIMARY KEY (NUM_OBJ5)
);

CREATE TABLE COLECAO(
    NOME_COLECAO VARCHAR(100) NOT NULL,
    DESCRICAO VARCHAR(200) NOT NULL,
    ENDERECO VARCHAR(200) NOT NULL,
    TELEFONE VARCHAR(20) NOT NULL,
    PESSOA_CONTATO VARCHAR(100) NOT NULL,
    TIPO_COLECAO VARCHAR(100) NOT NULL,
    PRIMARY KEY (NOME_COLECAO)
);

CREATE TABLE EXPOSICOES(
    NOME_EXPOSICAO VARCHAR(100) NOT NULL,
    DATA_INICIO DATE NOT NULL,
    DATA_FINAL DATE NOT NULL,
    PRIMARY KEY (NOME_EXPOSICAO)
);

CREATE TABLE EXPOSTO_EM(
    NUM_OBJ6 INT NOT NULL,
    NOME_EXPOSICAO VARCHAR(100) NOT NULL,
    PRIMARY KEY (NUM_OBJ6, NOME_EXPOSICAO)
);

------------------------------------------------------------CHAVES ESTRANGEIRAS------------------------------------------------------------
--------------------P/ OBJETOARTE--------------------
ALTER TABLE PINTURAS ADD CONSTRAINT pinturas_objarte_fk
FOREIGN KEY (NUM_OBJ1)
REFERENCES OBJETOS_ARTE (NUM_ID)
ON DELETE NO ACTION
ON UPDATE NO ACTION;

ALTER TABLE ESCULTURAS ADD CONSTRAINT esculturas_objarte_fk
FOREIGN KEY (NUM_OBJ2)
REFERENCES OBJETOS_ARTE (NUM_ID)
ON DELETE NO ACTION
ON UPDATE NO ACTION;

ALTER TABLE OUTROS ADD CONSTRAINT outros_objarte_fk
FOREIGN KEY (NUM_OBJ3)
REFERENCES OBJETOS_ARTE (NUM_ID)
ON DELETE NO ACTION
ON UPDATE NO ACTION;

ALTER TABLE EMPRESTADOS ADD CONSTRAINT emprestados_objarte_fk
FOREIGN KEY (NUM_OBJ4)
REFERENCES OBJETOS_ARTE (NUM_ID)
ON DELETE NO ACTION
ON UPDATE NO ACTION;

ALTER TABLE PERMANENTES ADD CONSTRAINT permanentes_objarte_fk
FOREIGN KEY (NUM_OBJ5)
REFERENCES OBJETOS_ARTE (NUM_ID)
ON DELETE NO ACTION
ON UPDATE NO ACTION;

ALTER TABLE EXPOSTO_EM ADD CONSTRAINT expostoem_objarte_fk
FOREIGN KEY (NUM_OBJ6)
REFERENCES OBJETOS_ARTE (NUM_ID)
ON DELETE NO ACTION
ON UPDATE NO ACTION;
------------------------------------------------------------

ALTER TABLE OBJETOS_ARTE ADD CONSTRAINT objetosarte_artista_fk
FOREIGN KEY (NOME_ARTISTA)
REFERENCES ARTISTA (NOME)
ON DELETE NO ACTION
ON UPDATE NO ACTION;

ALTER TABLE EMPRESTADOS ADD CONSTRAINT emprestados_colecao_fk
FOREIGN KEY (NOME_COLECAO)
REFERENCES COLECAO (NOME_COLECAO)
ON DELETE NO ACTION
ON UPDATE NO ACTION;

ALTER TABLE EXPOSTO_EM ADD CONSTRAINT expostoem_exposicoes_fk
FOREIGN KEY (NOME_EXPOSICAO)
REFERENCES EXPOSICOES (NOME_EXPOSICAO)
ON DELETE NO ACTION
ON UPDATE NO ACTION;

------------------------------------------------------------INSERÇÕES------------------------------------------------------------
INSERT INTO ARTISTA VALUES('Tarsila do Amaral', 'descrição', 'Modernista', 'Modernismo', 'Brasil', DATE '1886-01-01', DATE '1973-01-01');

INSERT INTO ARTISTA VALUES('Di Cavalcante', 'descrição', 'Modernista', 'Modernismo', 'Brasil', DATE '1897-01-01', DATE '1976-01-01');

INSERT INTO ARTISTA VALUES('Vicent Van Gogh', 'descrição', 'Impressionista', 'Pós-Impressionismo', 'Holanda', DATE '1853-01-01', DATE '1890-01-01');

INSERT INTO ARTISTA VALUES('Pablo Picaso', 'descrição', 'Cubista', 'Cubismo', 'França', DATE '1881-01-01', DATE '1973-01-01');

INSERT INTO ARTISTA VALUES('Frida Kahlo', 'descrição', 'Surrealista', 'Surrealismo', 'México', DATE '1907-01-01', DATE '1954-01-01');

INSERT INTO ARTISTA VALUES('Candido Portinari', 'descrição', 'Expressionista', 'Expressionismo', 'Brasil', DATE '1903-01-01', DATE '1962-01-01');

INSERT INTO ARTISTA VALUES('Salvador Dalí', 'descrição', 'Surrealista', 'Surrealismo', 'Espanha', DATE '1904-01-01', DATE '1989-01-01');

INSERT INTO ARTISTA VALUES('Anita Malfatti', 'descrição', 'Modernista', 'Modernismo', 'Brasil', DATE '1889-01-01', DATE '1964-01-01');

INSERT INTO ARTISTA VALUES('Mário de Andrade', 'descrição', 'Modernista', 'Modernismo', 'Brasil', DATE '1893-01-01', DATE '1945-01-01');

INSERT INTO ARTISTA VALUES('Aleijadinho', 'descrição', 'Barroca', 'Barroco', 'Brasil', DATE '1738-01-01', DATE '1814-01-01');

INSERT INTO ARTISTA VALUES('Michelangelo Buonarroti', 'descrição', 'Renascentista', 'Renascimento', 'Itália', DATE '1475-01-01', DATE '1564-01-01');

INSERT INTO ARTISTA VALUES('Donatello', 'descrição', 'Renascentista', 'Renascimento', 'Itália', DATE '1386-01-01', DATE '1466-01-01');

INSERT INTO ARTISTA VALUES('Lorenzo Ghiberti', 'descrição', 'Renascentista', 'Renascimento', 'Itália', DATE '1378-01-01', DATE '1455-01-01');

INSERT INTO ARTISTA VALUES('Auguste Rodin', 'descrição', 'Modernista', 'Modernismo', 'França', DATE '1840-01-01', DATE '1917-01-01');



INSERT INTO EXPOSICOES VALUES('Exposicao 1', DATE '2012-01-01', DATE '2014-01-01');

INSERT INTO EXPOSICOES VALUES('Exposicao 2', DATE '2012-01-01', DATE '2014-01-01');

INSERT INTO EXPOSICOES VALUES('Exposicao 3', DATE '2012-01-01', DATE '2014-01-01');

INSERT INTO EXPOSICOES VALUES('Exposicao 4', DATE '2012-01-01', DATE '2014-01-01');

INSERT INTO EXPOSICOES VALUES('Exposicao 5', DATE '2012-01-01', DATE '2014-01-01');

INSERT INTO EXPOSICOES VALUES('Exposicao 6', DATE '2012-01-01', DATE '2014-01-01');



INSERT INTO COLECAO VALUES('Colecao 1', 'descrição', 'São Paulo', '11999999', 'Contato', 'Tipo');

INSERT INTO COLECAO VALUES('Colecao 2', 'descrição', 'São Paulo', '11999999', 'Contato', 'Tipo');

INSERT INTO COLECAO VALUES('Colecao 3', 'descrição', 'São Paulo', '11999999', 'Contato', 'Tipo');

INSERT INTO COLECAO VALUES('Colecao 4', 'descrição', 'São Paulo', '11999999', 'Contato', 'Tipo');

INSERT INTO COLECAO VALUES('Colecao 5', 'descrição', 'São Paulo', '11999999', 'Contato', 'Tipo');

INSERT INTO COLECAO VALUES('Colecao 6', 'descrição', 'São Paulo', '11999999', 'Contato', 'Tipo');



INSERT INTO OBJETOS_ARTE VALUES(1, 'Abaporu', 'Tarsila do Amaral', 'descrição', DATE '1928-01-01', 'Antropofágico', 'Brasil', 'óleo sobre tela', 'PINTURA', 'EMPRESTADO', 100.0);

INSERT INTO PINTURAS VALUES(1, 'óleo', 'suporte');

INSERT INTO EMPRESTADOS VALUES(1, 'Colecao 1', DATE '2010-01-01', DATE '2012-01-01');

INSERT INTO EXPOSTO_EM VALUES(1, 'Exposicao 1');



INSERT INTO OBJETOS_ARTE VALUES(2, 'A Negra', 'Tarsila do Amaral', 'descrição', DATE '1923-01-01', 'Antropofágico', 'Brasil', 'óleo sobre tela', 'PINTURA', 'EMPRESTADO', 200.0);

INSERT INTO PINTURAS VALUES(2, 'óleo', 'suporte');

INSERT INTO EMPRESTADOS VALUES(2, 'Colecao 2', DATE '2010-10-01', DATE '2012-10-01');

INSERT INTO EXPOSTO_EM VALUES(2, 'Exposicao 2');



INSERT INTO OBJETOS_ARTE VALUES(3, 'Castelo', NULL, 'descrição', DATE '1940-01-01', 'Antropofágico', 'Iália', 'óleo sobre tela', 'PINTURA', 'EMPRESTADO', 300.0);

INSERT INTO PINTURAS VALUES(3, 'óleo', 'suporte');

INSERT INTO EMPRESTADOS VALUES(3, 'Colecao 3', DATE '2015-06-01', DATE '2018-06-01');

INSERT INTO EXPOSTO_EM VALUES(3, 'Exposicao 3');



INSERT INTO OBJETOS_ARTE VALUES(4, 'A Ponte', NULL, 'descrição', DATE '1940-01-01', 'Antropofágico', 'Iália', 'óleo sobre tela', 'PINTURA', 'EMPRESTADO', 400.0);

INSERT INTO PINTURAS VALUES(4, 'óleo', 'suporte');

INSERT INTO EMPRESTADOS VALUES(4, 'Colecao 4', DATE '2015-01-01', DATE '2018-01-01');

INSERT INTO EXPOSTO_EM VALUES(4, 'Exposicao 4');



INSERT INTO OBJETOS_ARTE VALUES(5, 'Mulatas', 'Di Cavalcante', 'descrição', DATE '1928-01-01', 'Antropofágico', 'Brasil', 'Retrato', 'PINTURA', 'EMPRESTADO', 500.0);

INSERT INTO PINTURAS VALUES(5, 'óleo', 'suporte');

INSERT INTO EMPRESTADOS VALUES(5, 'Colecao 5', DATE '2017-01-01', DATE '2019-01-01');

INSERT INTO EXPOSTO_EM VALUES(5, 'Exposicao 5');



INSERT INTO OBJETOS_ARTE VALUES(6, 'Auto-Retrato', 'Vicent Van Gogh', 'descrição', DATE '1889-01-01', 'Modernismo', 'Holanda', 'óleo sobre tela', 'PINTURA', 'PERMANENTE', 600.0);

INSERT INTO PINTURAS VALUES(6, 'óleo', 'suporte');

INSERT INTO EMPRESTADOS VALUES(6, 'Colecao 6', DATE '2017-01-01', DATE '2019-01-01');

INSERT INTO EXPOSTO_EM VALUES(6, 'Exposicao 6');



INSERT INTO OBJETOS_ARTE VALUES(7, 'A Noite Estrelada', 'Vicent Van Gogh', 'descrição', DATE '1889-01-01', 'Modernismo', 'Holanda', 'óleo sobre tela', 'PINTURA', 'PERMANENTE', 700.0);

INSERT INTO PINTURAS VALUES(7, 'óleo', 'suporte');

INSERT INTO PERMANENTES VALUES(7, '1', DATE '2015-01-01');

INSERT INTO EXPOSTO_EM VALUES(7, 'Exposicao 1');



INSERT INTO OBJETOS_ARTE VALUES(8, 'Os Girassóis', 'Vicent Van Gogh', 'descrição', DATE '1889-01-01', 'Modernismo', 'Holanda', 'óleo sobre tela', 'PINTURA', 'PERMANENTE', 800.0);

INSERT INTO PINTURAS VALUES(8, 'óleo', 'suporte');

INSERT INTO PERMANENTES VALUES(8, '1', DATE '2015-01-01');

INSERT INTO EXPOSTO_EM VALUES(8, 'Exposicao 2');



INSERT INTO OBJETOS_ARTE VALUES(9, 'O Grande Masturbador', 'Salvador Dalí', 'descrição', DATE '1929-01-01', 'Surrealismo', 'Espanha', 'óleo sobre tela', 'PINTURA', 'PERMANENTE', 900.0);

INSERT INTO PINTURAS VALUES(9, 'óleo', 'suporte');

INSERT INTO PERMANENTES VALUES(9, '1', DATE '2020-02-01');

INSERT INTO EXPOSTO_EM VALUES(9, 'Exposicao 3');



INSERT INTO OBJETOS_ARTE VALUES(10, 'A Persistência da Memória', 'Salvador Dalí', 'descrição', DATE '1931-01-01', 'Surrealismo', 'Espanha', 'óleo sobre tela', 'PINTURA', 'PERMANENTE', 1000.0);

INSERT INTO PINTURAS VALUES(10, 'óleo', 'suporte');

INSERT INTO PERMANENTES VALUES(10, '1', DATE '2020-02-01');

INSERT INTO EXPOSTO_EM VALUES(10, 'Exposicao 4');



INSERT INTO OBJETOS_ARTE VALUES(11, 'O Pensador', 'Auguste Rodin', 'descrição', DATE '1902-01-01', 'Realismo', 'França', 'escultura de bronze', 'ESCULTURA', 'PERMANENTE', 2000.0);

INSERT INTO ESCULTURAS VALUES(11, 'bronze', 200, 90);

INSERT INTO PERMANENTES VALUES(11, '1', DATE '2020-10-01');

INSERT INTO EXPOSTO_EM VALUES(11, 'Exposicao 5');



INSERT INTO OBJETOS_ARTE VALUES(12, 'S. João Batista', 'Lorenzo Ghiberti', 'descrição', DATE '1412-01-01', 'Renascimento', 'Itália', 'escultura de bronze', 'ESCULTURA', 'PERMANENTE', 3000.0);

INSERT INTO ESCULTURAS VALUES(12, 'bronze', 200, 90);

INSERT INTO PERMANENTES VALUES(12, '1', DATE '2015-06-01');

INSERT INTO EXPOSTO_EM VALUES(12, 'Exposicao 6');



INSERT INTO OBJETOS_ARTE VALUES(13, 'David', 'Donatello', 'descrição', DATE '1430-01-01', 'Renascimento', 'Itália', 'escultura de bronze', 'ESCULTURA', 'PERMANENTE', 4000.0);

INSERT INTO ESCULTURAS VALUES(13, 'bronze', 200, 90);

INSERT INTO PERMANENTES VALUES(13, '1', DATE '2020-10-01');

INSERT INTO EXPOSTO_EM VALUES(13, 'Exposicao 1');



INSERT INTO OBJETOS_ARTE VALUES(14, 'Moisés', 'Michelangelo Buonarroti', 'descrição', DATE '1430-01-01', 'Renascimento', 'Itália', 'escultura de mármore', 'ESCULTURA', 'PERMANENTE', 5000.0);

INSERT INTO ESCULTURAS VALUES(14, 'mármore', 200, 90);

INSERT INTO PERMANENTES VALUES(14, '1', DATE '2017-10-01');

INSERT INTO EXPOSTO_EM VALUES(14, 'Exposicao 2');



INSERT INTO OBJETOS_ARTE VALUES(15, 'Jesus carregando a cruz', 'Aleijadinho', 'descrição', DATE '1430-01-01', 'Barroco', 'Brasil', 'escultura de mármore', 'ESCULTURA', 'PERMANENTE', 6000.0);

INSERT INTO ESCULTURAS VALUES(15, 'mármore', 200, 90);

INSERT INTO PERMANENTES VALUES(15, '1', DATE '2020-06-01');

INSERT INTO EXPOSTO_EM VALUES(15, 'Exposicao 3');



INSERT INTO OBJETOS_ARTE VALUES(16, 'Teto da Capela Sistina', 'Michelangelo Buonarroti', 'descrição', DATE '1508-01-01', 'Renascimento', 'Itália', 'obra no teto', 'OUTROS', 'PERMANENTE', 7000.0);

INSERT INTO OUTROS VALUES(16, 'ouro e gesso no teto');

INSERT INTO EMPRESTADOS VALUES(16, 'Colecao 1', DATE '2020-01-01', DATE '2012-01-01');

INSERT INTO EXPOSTO_EM VALUES(16, 'Exposicao 4');